yyyyq,Index,D12,E12,b/m,tbl,AAA,BAA,lty,cay,ntis,Rfree,infl,ltr,corpr,svar,csp,ik,CRSP_SPvw,CRSP_SPvwx,D3,E3
19471,15.17,0.72,1.27,0.741534989,0.0038,0.0255,0.0315,0.0213,NaN,0.03101998,0.00095,0.018604651,0.003501738,0.007706952,0.005887148,0.000803646,0.035776667,-0.001687817,-0.012358748,NaN,0.4
19472,15.21,0.76,1.44,0.741116751,0.0038,0.0255,0.0321,0.0216,NaN,0.026472743,0.00095,0.00456621,0.000587378,0.004405602,0.006811225,0.003817236,0.034841558,0.011292944,-0.002494013,NaN,0.38
19473,15.11,0.79,1.55,0.740323399,0.008,0.0261,0.0323,0.0213,NaN,0.02405855,0.00095,0.045454546,0.009987446,-0.018147204,0.004187344,0.004326897,0.033868903,0.00550013,-0.005698305,NaN,0.37
19474,15.3,0.84,1.61,0.725325679,0.0095,0.0286,0.0352,0.0243,NaN,0.025921595,0.002,0.017391304,-0.039831736,-0.017250027,0.002452803,0.004760925,0.034505303,0.033445637,0.014226731,NaN,0.46
19481,15.08,0.85,1.71,0.841422122,0.01,0.0283,0.0353,0.0241,NaN,0.027187025,0.002375,0,0.010031671,0.017881918,0.004886523,0.005808515,0.036166884,-0.001243143,-0.014339667,NaN,0.5
19482,16.74,0.85,1.86,0.786973504,0.01,0.0276,0.0334,0.0238,NaN,0.023893669,0.0025,0.02991453,0.010106677,-0.003735165,0.002911784,0.003144237,0.034572381,0.125989454,0.112358474,NaN,0.53
19483,15.49,0.87,2.07,0.836231071,0.0109,0.0284,0.0345,0.0242,NaN,0.019128082,0.0025,0.01659751,-0.00060301,0.002672051,0.006347632,0.003053102,0.034327484,-0.063570647,-0.075195428,NaN,0.58
19484,15.2,0.93,2.29,0.840947547,0.0116,0.0279,0.0353,0.0237,NaN,0.015014554,0.002725,-0.016326531,0.01395183,0.024163457,0.007953871,0.00163301,0.034800973,-0.000491001,-0.022059845,NaN,0.68
19491,15.06,0.98,2.38,0.901750424,0.0117,0.027,0.0347,0.0227,NaN,0.014658966,0.0029,-0.012448133,0.020637417,0.00831977,0.003843559,0.002717067,0.032882954,0.003946265,-0.011981531,NaN,0.59
19492,14.16,1.02,2.4,0.953888424,0.0117,0.0271,0.0347,0.0217,NaN,0.016812418,0.002925,0.004201681,0.019752225,0.014560053,0.003204742,0.004091914,0.031414161,-0.045903006,-0.061765419,NaN,0.55
19493,15.58,1.04,2.39,0.875020547,0.0107,0.026,0.0337,0.0212,NaN,0.023343408,0.002925,0,0.01332075,0.015765267,0.003262011,0.002629813,0.029787001,0.115669494,0.100212296,NaN,0.57
19494,16.76,1.14,2.32,0.796429284,0.011,0.0258,0.0331,0.0209,NaN,0.027175585,0.002675,-0.012552301,0.009224811,-0.005813734,0.001995603,0.004252018,0.029278624,0.104726674,0.076298595,NaN,0.61
19501,17.29,1.17,2.37,0.825527785,0.0112,0.0258,0.0324,0.0215,NaN,0.029291342,0.00275,0,-0.00321602,0.006612276,0.00203947,0.00455264,0.029998623,0.048202119,0.032044594,NaN,0.64
19502,17.69,1.2,2.54,0.813447468,0.0115,0.0262,0.0328,0.0216,NaN,0.030396659,0.0028,0.008474576,0.003794125,0.000696962,0.00721099,0.004115374,0.032336994,0.035569101,0.02106132,NaN,0.72
19503,19.45,1.33,2.72,0.751457855,0.013,0.0264,0.0321,0.022,NaN,0.025914209,0.002875,0.025210084,-0.000342035,0.006784388,0.005504228,0.004031833,0.034762201,0.129242598,0.107118388,NaN,0.75
19504,20.41,1.47,2.84,0.722538442,0.0134,0.0267,0.032,0.0224,NaN,0.031358256,0.00325,0.024590164,0.000281093,0.00690625,0.006706621,0.005662515,0.03437348,0.084584318,0.054547773,NaN,0.73
19511,21.4,1.52,2.83,0.7813946,0.014,0.0278,0.0323,0.0241,NaN,0.032686771,0.00335,0.032,-0.017317126,-0.026148912,0.003582998,0.005749029,0.033164188,0.061704842,0.04671769,NaN,0.63
19512,20.96,1.56,2.72,0.800362677,0.0145,0.0294,0.0349,0.0259,NaN,0.036341121,0.0035,0.003875969,-0.01927496,-0.011676343,0.003392391,0.004064516,0.033292336,-0.008647602,-0.023301709,NaN,0.61
19513,23.26,1.52,2.51,0.716182328,0.0163,0.0284,0.0346,0.0253,NaN,0.028799506,0.003625,0.007722008,0.015645927,0.026250538,0.002244756,0.00393371,0.033404315,0.127943045,0.11242602,NaN,0.54
19514,23.77,1.41,2.44,0.721316347,0.0173,0.0301,0.0361,0.0269,NaN,0.036150788,0.004075,0.015325671,-0.018636657,-0.014830517,0.002962094,0.004146893,0.03258167,0.039643129,0.020165926,NaN,0.66
19521,24.37,1.42,2.4,0.751874119,0.0159,0.0296,0.0351,0.0263,-0.010489787,0.032094137,0.004325,-0.00754717,0.015350584,0.018916205,0.002101837,0.00332273,0.032650825,0.044465224,0.029618031,NaN,0.59
19522,24.96,1.45,2.34,0.738715088,0.017,0.0294,0.035,0.0259,0.000185194,0.02773127,0.003975,0.007604563,0.014047693,0.004303078,0.001659559,0.004430721,0.032916482,0.038274858,0.023832239,NaN,0.55
19523,24.54,1.45,2.36,0.748678911,0.0171,0.0295,0.0352,0.0277,-0.000541909,0.031038055,0.00425,0.00754717,-0.021869182,0.006095842,0.001075591,0.003504369,0.030112607,-0.004979909,-0.017758982,NaN,0.56
19524,26.57,1.41,2.4,0.694073313,0.0209,0.0297,0.0351,0.0279,-0.015942092,0.026534716,0.004275,0,0.004563611,0.005507967,0.001753025,0.003445919,0.032615038,0.102295335,0.084371914,NaN,0.7
19531,25.29,1.41,2.43,0.762496874,0.0201,0.0312,0.0357,0.0294,-0.019043495,0.024013353,0.005225,-0.003745318,-0.016244348,-0.015228506,0.001574275,0.002897312,0.03412129,-0.035682849,-0.048249541,NaN,0.62
19532,24.14,1.42,2.51,0.795496906,0.0211,0.034,0.0386,0.0301,-0.019511234,0.0274619,0.005025,0.007518797,-0.003405325,-0.017127809,0.002970454,0.002853784,0.034149794,-0.032102171,-0.045194532,NaN,0.63
19533,23.35,1.42,2.55,0.808210877,0.0179,0.0329,0.0388,0.0284,-0.016790492,0.025876606,0.005275,0.003731343,0.033089477,0.034578504,0.002368131,0.002609423,0.034596883,-0.022973263,-0.036676696,NaN,0.6
19534,24.81,1.45,2.51,0.759700961,0.016,0.0313,0.0374,0.0274,-0.013704049,0.024822272,0.004475,0,0.023114493,0.03269632,0.001366619,0.00279331,0.033956068,0.077865232,0.058916483,NaN,0.66
19541,26.94,1.47,2.55,0.804915818,0.0103,0.0286,0.0351,0.0278,0.006436874,0.022093476,0.004,0,0.039105659,0.036472058,0.001195486,0.002326738,0.032768249,0.099671169,0.085039958,NaN,0.66
19542,29.21,1.45,2.62,0.732467844,0.0064,0.029,0.0349,0.0272,0.011917157,0.018357419,0.002575,0,0.017935755,-0.00133351,0.002095984,0.001838346,0.032224444,0.095900544,0.082907069,NaN,0.7
19543,32.31,1.47,2.63,0.677745104,0.0101,0.0289,0.0347,0.0271,0.020123728,0.016884189,0.0016,-0.003717472,0.008742008,0.009830429,0.002450063,0.002207768,0.032807746,0.116368174,0.103607154,NaN,0.61
19544,35.98,1.54,2.77,0.604119785,0.0115,0.029,0.0345,0.0272,0.012768669,0.026992812,0.002525,-0.003731343,0.00448633,0.008221067,0.002648281,0.002845475,0.032513796,0.134620324,0.118143746,NaN,0.8
19551,36.58,1.56,2.96,0.607761777,0.0128,0.0302,0.0348,0.0288,0.011657928,0.027968342,0.002875,0,-0.023287915,-0.006885528,0.005603977,0.002822056,0.032821714,0.029533096,0.019192716,NaN,0.85
19552,41.03,1.57,3.22,0.551641632,0.0141,0.0305,0.0351,0.0293,-0.00054263,0.025363932,0.0032,0,-0.000255516,0.000994671,0.002018868,0.000454198,0.034507913,0.131615387,0.120710279,NaN,0.96
19553,43.67,1.62,3.44,0.533624791,0.0207,0.0313,0.0359,0.0298,-0.009547896,0.025633981,0.003525,0.007490637,-0.00257565,-0.000344342,0.008913603,0.000206388,0.035880725,0.068889503,0.058886049,NaN,0.83
19554,45.48,1.64,3.62,0.50982801,0.0254,0.0315,0.0362,0.0295,-0.00386799,0.02524455,0.005175,-0.003717472,0.01357159,0.011106693,0.005083761,0.000243799,0.036553571,0.054355251,0.040039731,NaN,0.98
19561,48.48,1.73,3.69,0.5310772,0.0225,0.031,0.036,0.0303,-0.006166682,0.026695068,0.00635,0,-0.006922325,-0.001763155,0.003288987,0.000741498,0.035691176,0.075560561,0.065942298,NaN,0.92
19562,46.97,1.8,3.6,0.551564593,0.0249,0.0326,0.0376,0.0299,-0.011595468,0.025671522,0.005625,0.014925373,0.013675304,-0.008148352,0.003688373,0.000939936,0.035948302,-0.022400017,-0.032086631,NaN,0.87
19563,45.35,1.84,3.46,0.571909521,0.0284,0.0356,0.0407,0.0324,-0.007985053,0.029361949,0.006225,0.007352941,-0.034405216,-0.028742448,0.002518761,0.001359354,0.03591286,-0.027815485,-0.036896515,NaN,0.69
19564,46.67,1.74,3.41,0.544176827,0.0321,0.0375,0.0437,0.0345,-0.012789935,0.026149367,0.0071,0.00729927,-0.028771081,-0.030979365,0.004393803,0.000969841,0.035529172,0.041139286,0.028315899,NaN,0.93
19571,44.11,1.73,3.4,0.599818875,0.0308,0.0366,0.0443,0.0331,-0.012454114,0.026599595,0.008025,0.007246377,0.034697252,0.034329126,0.00228828,0.001054099,0.035347097,-0.041855914,-0.053791049,NaN,0.91
19572,47.37,1.73,3.42,0.565876532,0.0329,0.0391,0.0463,0.0361,-0.010418484,0.030527691,0.0077,0.010791367,-0.042008859,-0.045798074,0.001362853,0.00217603,0.034913716,0.086308215,0.076002214,NaN,0.89
19573,42.42,1.76,3.47,0.624150778,0.0353,0.0412,0.0493,0.0364,-0.002697596,0.034362522,0.008225,0.007117438,0.003669534,-0.002503056,0.004218226,0.001116985,0.035270685,-0.095308133,-0.104202548,NaN,0.74
19574,39.99,1.79,3.37,0.653675779,0.0304,0.0381,0.0503,0.0323,0.007237596,0.034873147,0.008825,0.003533569,0.080208128,0.10426433,0.009677492,0.000667927,0.034106432,-0.052872804,-0.064740741,NaN,0.83
19581,42.1,1.77,3.14,0.668591638,0.013,0.0363,0.0468,0.0321,0.019168612,0.028935347,0.0076,0.014084507,0.011731463,0.004450256,0.002039919,0.000187321,0.031650175,0.06483569,0.053566802,NaN,0.68
19582,45.24,1.73,2.93,0.62466017,0.0083,0.0357,0.0455,0.0324,0.026814786,0.021436618,0.00325,0.003472222,0.00240263,0.015576618,0.001618081,0.000757718,0.030281102,0.085091179,0.074130679,NaN,0.68
19583,50.06,1.73,2.88,0.561371197,0.0244,0.0409,0.0487,0.038,0.015374468,0.013983478,0.002075,0,-0.080970639,-0.05596102,0.001794767,0.001397779,0.02980516,0.11677727,0.106902342,NaN,0.69
19584,55.21,1.75,2.89,0.51177932,0.0277,0.0408,0.0485,0.0382,0.009303731,0.023686832,0.0061,0,0.007395623,0.015388738,0.003036457,0.001585812,0.03077681,0.113954199,0.103864976,NaN,0.84
19591,55.44,1.77,3.11,0.516860282,0.028,0.0413,0.0485,0.0403,0.009146981,0.02498439,0.006925,0,0.005312531,0.001383673,0.00192111,0.001768307,0.031554399,0.016480347,0.008449215,NaN,0.9
19592,58.47,1.79,3.4,0.483219391,0.0321,0.0446,0.0504,0.0419,0.005750917,0.026882074,0.007,0.006920415,-0.011206344,-0.024128897,0.001835421,0.001917092,0.032250198,0.063859658,0.055496266,NaN,0.97
19593,56.88,1.81,3.43,0.492337893,0.0404,0.0452,0.0518,0.0429,0.018910024,0.030528391,0.008025,0.006872852,-0.00383529,-0.006778467,0.00326734,0.001397017,0.032880418,-0.021131332,-0.028572338,NaN,0.72
19594,59.89,1.83,3.39,0.457783797,0.0449,0.0458,0.0528,0.0447,0.022785342,0.022856304,0.0101,0.003412969,-0.013024952,0.020332612,0.00142542,0.000975372,0.032532263,0.061846544,0.052275673,NaN,0.8
19601,55.34,1.94,3.39,0.549798083,0.0331,0.0449,0.0525,0.0411,0.01166005,0.02559341,0.011225,0,0.060926043,0.043188426,0.00303881,0.000360982,0.033411421,-0.068834539,-0.076640523,NaN,0.9
19602,56.92,1.95,3.26,0.529174862,0.0246,0.0445,0.0526,0.0407,0.016683784,0.024269926,0.008275,0.006802721,0.01520599,0.009744055,0.001567673,-4.22E-06,0.033616683,0.039029587,0.030069265,NaN,0.84
19603,53.52,1.95,3.27,0.584341711,0.0248,0.0425,0.0501,0.0387,0.013177113,0.028312467,0.00615,0,0.037577341,0.031163176,0.00338641,-0.001194357,0.032746259,-0.051373884,-0.059267059,NaN,0.73
19604,58.11,1.95,3.27,0.550422965,0.0225,0.0435,0.051,0.038,0.020603343,0.022761361,0.0062,0.006756757,0.018256736,0.004129862,0.002167694,-0.001362514,0.032418155,0.095986703,0.085816941,NaN,0.8
19611,65.06,1.94,3.09,0.546679869,0.0239,0.0422,0.0502,0.0397,0.021658638,0.022737591,0.005625,0,0.005352382,0.033106079,0.001703524,-0.001214966,0.031720271,0.131528222,0.123183728,NaN,0.72
19612,64.64,1.94,3.03,0.540821101,0.0233,0.0433,0.0503,0.0404,0.021402536,0.022482126,0.005975,0,-0.000704253,-0.014702785,0.00196246,-0.001148127,0.032211083,0.000771765,-0.006541346,NaN,0.78
19613,66.73,1.96,3.05,0.527516721,0.0228,0.0445,0.0512,0.0403,0.012723061,0.024963387,0.005825,0.006711409,0.012582658,0.016624376,0.001857088,-0.002292368,0.032293391,0.039578248,0.032340214,NaN,0.75
19614,71.55,2.02,3.19,0.505922258,0.026,0.0442,0.051,0.0415,0.012046173,0.022324288,0.0057,0,-0.007477773,0.012895168,0.000964801,-0.002210744,0.033035332,0.079721918,0.070866268,NaN,0.94
19621,69.55,2.04,3.37,0.545724592,0.0272,0.0439,0.0504,0.0398,0.009050428,0.024075304,0.0065,0.003333333,0.034410385,0.028541548,0.00135612,-0.002884136,0.03342739,-0.021307872,-0.028187737,NaN,0.9
19622,54.75,2.06,3.47,0.687357469,0.0273,0.0428,0.0502,0.0401,0.011649148,0.026455442,0.0068,0.003322259,0.005140153,0.01156308,0.01809566,-0.002795277,0.034045333,-0.206304781,-0.213100067,NaN,0.88
19623,56.27,2.08,3.53,0.666344261,0.0278,0.0432,0.0503,0.0398,0.014216336,0.030601614,0.006825,0.006622517,0.013742507,0.021792279,0.003822427,-0.002921802,0.034157749,0.035159169,0.026463834,NaN,0.81
19624,63.1,2.13,3.67,0.591627051,0.0287,0.0424,0.0492,0.0395,0.014094938,0.01996807,0.00695,0,0.014054452,0.015372157,0.005270773,-0.002796575,0.033721849,0.134839982,0.123127261,NaN,1.08
19631,66.57,2.15,3.71,0.587528571,0.0289,0.0419,0.0488,0.0401,0.009114292,0.014380171,0.007175,0.003289474,0.00160055,0.010834925,0.001451838,-0.00299588,0.03350908,0.062453722,0.054166866,NaN,0.94
19632,69.37,2.2,3.84,0.567281575,0.0299,0.0423,0.0484,0.0407,0.008697683,0.018263203,0.007225,0.003278689,0.002999325,0.003974125,0.000886915,-0.002771582,0.034259545,0.04980746,0.041640365,NaN,1.01
19633,71.7,2.21,3.96,0.547223625,0.0338,0.0431,0.0484,0.041,0.015217553,0.010313262,0.007475,0.003267974,0.005608593,0.003995288,0.001186616,-0.001524392,0.034877836,0.04060944,0.033110636,NaN,0.93
19634,75.02,2.28,4.02,0.525591454,0.0352,0.0435,0.0485,0.0417,0.01260624,0.00895473,0.00845,0.006514658,0.001885248,0.002985565,0.003887264,-0.001496869,0.035544171,0.057033427,0.047025259,NaN,1.14
19641,78.98,2.33,4.18,0.523675442,0.0354,0.0438,0.0483,0.0424,0.014636543,0.017783239,0.0088,0,0.001192296,0.007859269,0.000369752,-0.001857946,0.035912075,0.062877293,0.055293597,NaN,1.1
19642,81.69,2.38,4.33,0.512206855,0.0348,0.0441,0.0485,0.0419,0.01580571,0.02050298,0.00885,0.003236246,0.016690592,0.014569469,0.000878383,-0.00198863,0.03635571,0.04161306,0.033878888,NaN,1.16
19643,84.18,2.44,4.47,0.486537121,0.0353,0.0442,0.0482,0.0421,0.016881093,0.020403146,0.0087,0.003225807,0.007815608,0.01103797,0.00079533,-0.001953168,0.037104519,0.037683145,0.030437559,NaN,1.07
19644,84.75,2.5,4.55,0.4872273,0.0384,0.0444,0.0481,0.0423,0.01513743,0.023095369,0.008825,0.003215434,0.009025332,0.013438462,0.000751123,-0.002380573,0.037441932,0.015639121,0.006757481,NaN,1.22
19651,86.16,2.55,4.68,0.469489905,0.0393,0.0442,0.0478,0.0422,0.011036622,0.019134281,0.0096,0.003205128,0.01083479,0.010218099,0.00070363,-0.002137368,0.039336576,0.025982083,0.018819146,NaN,1.23
19652,84.12,2.61,4.84,0.480858957,0.038,0.0446,0.0485,0.0423,0.016279705,0.017551223,0.009825,0.009584665,0.010131891,0.00159871,0.002325898,-0.00238082,0.040206051,-0.0160191,-0.023506026,NaN,1.32
19653,89.96,2.66,4.98,0.448537471,0.0392,0.0452,0.0491,0.0433,0.007337815,0.01689539,0.0095,0,-0.00250591,-0.000203088,0.000928501,-0.001395145,0.041043757,0.077227462,0.069660294,NaN,1.21
19654,92.43,2.72,5.19,0.430637806,0.0438,0.0468,0.0502,0.045,0.010485089,0.020837519,0.0098,0.006329114,-0.011289309,-0.016009439,0.000631164,-0.000812888,0.042039043,0.035487402,0.02635946,NaN,1.43
19661,89.23,2.78,5.34,0.490175936,0.0459,0.0492,0.0532,0.046,0.007974674,0.01678818,0.01095,0.009433962,-0.006580144,-0.014971023,0.001419878,-0.000488877,0.043066605,-0.029994739,-0.037053543,NaN,1.38
19662,84.74,2.83,5.46,0.520974601,0.045,0.0507,0.0558,0.0477,0.00450137,0.017122956,0.011475,0.009345794,-0.01374337,0.00169271,0.002787947,-0.000666017,0.042997057,-0.042047185,-0.049910624,NaN,1.44
19663,76.56,2.89,5.51,0.585492496,0.0537,0.0549,0.0609,0.048,-0.002674405,0.016984459,0.01125,0.009259259,0.008171991,-0.02792266,0.00577933,-0.001706522,0.042794982,-0.088636267,-0.096519093,NaN,1.26
19664,80.33,2.87,5.55,0.576945106,0.0496,0.0539,0.0618,0.0455,-0.011988825,0.01720763,0.013425,0.006116208,0.049279024,0.044631161,0.003948135,-4.99E-05,0.042045956,0.060444033,0.050017025,NaN,1.47
19671,90.2,2.9,5.45,0.549550798,0.0426,0.0513,0.0585,0.0455,-0.01612723,0.014921235,0.0124,0.003039514,0.012620261,0.035976247,0.001647028,0.000718071,0.040670785,0.132053478,0.123051702,NaN,1.28
19672,90.64,2.9,5.33,0.553204845,0.0354,0.0544,0.0615,0.0507,-0.014441795,0.010152824,0.01065,0.009090909,-0.063060451,-0.053898932,0.002798169,0.001729455,0.039947581,0.013744144,0.005803252,NaN,1.32
19673,96.71,2.92,5.3,0.513564846,0.0442,0.0565,0.064,0.0517,-0.017572725,0.005599816,0.00885,0.009009009,-0.002056457,0.012829063,0.000873609,0.002264023,0.039291451,0.074457367,0.066537985,NaN,1.23
19674,96.47,2.92,5.33,0.525792445,0.0497,0.0619,0.0693,0.0556,-0.023226159,0.01436111,0.01105,0.008928571,-0.040745267,-0.042528283,0.001670584,0.002952225,0.039517308,0.005315578,-0.003055033,NaN,1.5
19681,90.2,2.95,5.44,0.566809807,0.0517,0.0611,0.0685,0.056,-0.022971327,0.012677246,0.012425,0.01179941,0.007568655,0.019446879,0.002699245,0.003403219,0.04009897,-0.058608483,-0.066155626,NaN,1.39
19682,99.58,2.99,5.57,0.530741813,0.0552,0.0628,0.0707,0.0534,-0.026590702,0.012090181,0.012925,0.011661808,0.050720855,0.020313147,0.00249361,0.002626874,0.039017522,0.112768797,0.104181757,NaN,1.45
19683,102.67,3.03,5.66,0.509195439,0.0519,0.0597,0.0679,0.0531,-0.027182249,0.018287123,0.0138,0.011527378,0.018099698,0.049808827,0.001341254,0.002411819,0.03900597,0.037983897,0.030303888,NaN,1.32
19684,103.86,3.07,5.76,0.504900662,0.0596,0.0645,0.0723,0.0598,-0.032317006,0.031961447,0.012975,0.011396011,-0.074602179,-0.060647445,0.000865344,0.002347561,0.039516112,0.019244278,0.011248621,NaN,1.6
19691,101.51,3.1,5.82,0.557040236,0.0602,0.0685,0.0751,0.062,-0.030988727,0.039508004,0.0149,0.016901409,-0.015503007,-0.022275952,0.001743998,0.002297385,0.039947855,-0.016428224,-0.023856628,NaN,1.45
19692,97.71,3.13,5.84,0.596777334,0.0644,0.0698,0.077,0.0623,-0.030839758,0.04515276,0.01505,0.013850416,0.012828105,0.013574688,0.001729547,0.001192764,0.039788456,-0.029096266,-0.037227436,NaN,1.47
19693,93.12,3.15,5.89,0.640888463,0.0709,0.0714,0.0805,0.0677,-0.03794577,0.048391224,0.0161,0.013661202,-0.052204716,-0.025864376,0.004115472,0.002174667,0.040100511,-0.039153001,-0.04687157,NaN,1.37
19694,92.06,3.16,5.78,0.651082013,0.0782,0.0772,0.0865,0.0687,-0.034173979,0.034273783,0.017725,0.016172507,0.004436121,-0.047929195,0.002426414,0.000822252,0.039296565,-0.000818424,-0.009834408,NaN,1.49
19701,89.63,3.17,5.63,0.690326769,0.0663,0.0784,0.0863,0.0661,-0.029171137,0.035841581,0.01955,0.0132626,0.049292688,0.050018966,0.003089348,-0.000431436,0.038470097,-0.017615908,-0.026113763,NaN,1.3
19702,72.72,3.18,5.52,0.793381417,0.0668,0.0848,0.0925,0.0709,-0.034547416,0.042290748,0.016575,0.015706806,-0.041754884,-0.040796589,0.012418442,-0.000252295,0.037710149,-0.18089505,-0.18913317,NaN,1.36
19703,84.21,3.19,5.36,0.712914761,0.0612,0.0809,0.0939,0.068,-0.027939336,0.037942419,0.0167,0.010309278,0.053422008,0.080975568,0.005071546,0.000875697,0.037367928,0.168241037,0.157197019,NaN,1.21
19704,92.15,3.14,5.13,0.646426358,0.0487,0.0764,0.0912,0.0648,-0.018874908,0.031461707,0.0153,0.015306122,0.058372172,0.087233864,0.002464049,0.001512501,0.035645324,0.106180563,0.096087541,NaN,1.26
19711,100.31,3.11,5.22,0.633811383,0.0338,0.0721,0.0846,0.0593,-0.028352907,0.026398845,0.012175,0.005025126,0.087836017,0.040830924,0.001485204,0.002105175,0.035560332,0.097999095,0.089495143,NaN,1.39
19712,99.7,3.1,5.32,0.643221043,0.0475,0.0764,0.0875,0.0641,-0.035524136,0.027278498,0.00845,0.015,-0.04432378,-0.029040764,0.001771371,0.001377755,0.035667919,0.00087695,-0.006804413,NaN,1.46
19713,98.34,3.09,5.43,0.64608483,0.0469,0.0744,0.0859,0.0598,-0.034075126,0.027934417,0.011875,0.004926108,0.071666223,0.042023333,0.003493921,0.001167068,0.035446484,-0.005542649,-0.013226475,NaN,1.32
19714,102.09,3.07,5.7,0.643900247,0.0401,0.0725,0.0838,0.0597,-0.033156789,0.034023359,0.011725,0.007352941,0.016373965,0.054177134,0.003711176,0.00225388,0.03579761,0.047250626,0.038725432,NaN,1.53
19721,107.2,3.07,5.81,0.645901988,0.0373,0.0724,0.0824,0.0613,-0.04184062,0.031723183,0.010025,0.00729927,-0.005775485,0.009782365,0.001323714,0.002239723,0.036543163,0.057565774,0.050082623,NaN,1.5
19722,107.14,3.07,5.97,0.654015479,0.0391,0.0723,0.082,0.0607,-0.036541008,0.034199389,0.009325,0.007246377,0.023079376,0.012922022,0.001517795,0.00154141,0.036716167,0.006902957,-0.000338525,NaN,1.62
19723,110.55,3.08,6.14,0.637385001,0.0466,0.0722,0.0809,0.0606,-0.032757608,0.032869775,0.009775,0.009592326,0.01605877,0.013353287,0.001656198,0.000883967,0.036823,0.039380685,0.032166255,NaN,1.49
19724,118.05,3.15,6.42,0.595674595,0.0507,0.0708,0.0793,0.0599,-0.046355994,0.034203484,0.01165,0.009501188,0.02256333,0.034837389,0.001863895,0.000311447,0.038135788,0.07622844,0.068422818,NaN,1.81
19731,111.52,3.17,6.8,0.676018128,0.0609,0.0729,0.0803,0.0686,-0.045417243,0.036706149,0.012675,0.018823529,-0.022797049,0.001373574,0.003337763,-0.000695859,0.039219214,-0.051041827,-0.057556083,NaN,1.88
19732,104.26,3.22,7.23,0.720974308,0.0719,0.0737,0.0813,0.071,-0.045010588,0.039013398,0.015225,0.020785219,-0.008035809,-0.003435977,0.006759664,0.000743978,0.040107046,-0.058356317,-0.065588672,NaN,2.05
19733,108.43,3.27,7.69,0.678808996,0.0829,0.0763,0.0863,0.0703,-0.042467118,0.034361226,0.017975,0.022624434,0.025719572,0.021417914,0.003898455,-5.46E-05,0.040119349,0.048836826,0.04082826,NaN,1.95
19734,97.55,3.38,8.16,0.755588463,0.0745,0.0768,0.0848,0.0726,-0.045605781,0.013007395,0.020725,0.022123894,-0.005416464,-0.007761702,0.011072831,-0.000640199,0.039818818,-0.090892298,-0.099787628,NaN,2.28
19741,93.98,3.44,8.36,0.815184013,0.0796,0.0801,0.0862,0.0783,-0.042089781,0.010399936,0.018625,0.034632035,-0.039568222,-0.034969544,0.006981114,-0.001167099,0.039196854,-0.027828121,-0.036251529,NaN,2.08
19742,86,3.5,8.74,0.860158772,0.079,0.0847,0.0927,0.0812,-0.035889453,0.00802817,0.0199,0.025104603,-0.00887109,-0.051775246,0.006128292,-0.001691767,0.038581803,-0.075534161,-0.084727105,NaN,2.43
19743,63.54,3.59,9.11,1.135440144,0.0806,0.0924,0.1018,0.0837,-0.030901139,0.005137479,0.01975,0.032653061,-0.001975728,-0.030758141,0.017520255,-0.001700144,0.037676361,-0.252154278,-0.261495551,NaN,2.32
19744,68.56,3.6,8.89,1.120018175,0.0715,0.0889,0.1063,0.076,-0.025237407,0.008771574,0.02015,0.0256917,0.098307858,0.092976184,0.017413175,-0.000830488,0.036227002,0.094655447,0.079749653,NaN,2.06
19751,83.36,3.67,8.45,0.972466315,0.0549,0.0867,0.1048,0.0824,-0.016610939,0.02046695,0.017875,0.015414258,0.00823636,0.047585842,0.008598853,-0.000704292,0.033781012,0.228211332,0.21472624,NaN,1.64
19752,95.19,3.71,7.96,0.84983902,0.0534,0.0877,0.1062,0.0813,-0.017023884,0.022961696,0.013725,0.017077799,0.031890494,0.035907364,0.005474305,-0.000805424,0.032682295,0.154134625,0.1427247,NaN,1.94
19753,83.87,3.71,7.76,0.940948254,0.0642,0.0895,0.1061,0.0862,-0.016189228,0.027919523,0.01335,0.018656716,-0.02508952,-0.032789862,0.005892165,-0.001492257,0.032778794,-0.109806463,-0.119036415,NaN,2.12
19754,90.19,3.68,7.96,0.876338851,0.0544,0.0879,0.1056,0.0805,-0.016588593,0.023711966,0.01605,0.016483517,0.076489458,0.092247151,0.004298067,-0.000465116,0.032913839,0.085394474,0.074248592,NaN,2.26
19761,102.77,3.69,8.66,0.784031217,0.05,0.0852,0.1012,0.0792,-0.019211838,0.015072131,0.0136,0.007207207,0.032109046,0.042132425,0.004465438,-0.000438798,0.033354978,0.150046477,0.139582893,NaN,2.34
19762,104.28,3.76,9.25,0.781427631,0.0541,0.0862,0.0989,0.0807,-0.017713809,0.018925031,0.0125,0.016100179,0.006479768,0.003038682,0.002915184,-0.001277583,0.03351786,0.025535206,0.015516026,NaN,2.53
19763,105.24,3.85,9.55,0.791363274,0.0508,0.0838,0.094,0.0781,-0.016234821,0.023782657,0.013525,0.014084507,0.043986016,0.055684538,0.002122363,-0.001456697,0.033961471,0.018669372,0.008972479,NaN,2.42
19764,107.46,4.05,9.91,0.779973125,0.0435,0.0798,0.0912,0.0721,-0.011334465,0.028566554,0.0127,0.010416667,0.076677282,0.075180879,0.002964146,-0.001122704,0.034310275,0.031402345,0.020149071,NaN,2.62
19771,98.42,4.19,10.08,0.868429928,0.046,0.081,0.0912,0.0772,-0.006644906,0.030338357,0.010875,0.02233677,-0.03480582,-0.02314245,0.001696038,-0.001732089,0.035232238,-0.076210938,-0.085915281,NaN,2.51
19772,100.48,4.36,10.42,0.871112081,0.0502,0.0795,0.0891,0.0754,-0.015244312,0.0319411,0.0115,0.020168067,0.036411646,0.038568355,0.002183018,-0.001593585,0.03583945,0.032653809,0.020574451,NaN,2.87
19773,96.53,4.5,10.71,0.942262516,0.0581,0.0792,0.088,0.0764,-0.017984588,0.032367587,0.01255,0.011532125,0.009724682,0.010864395,0.001640351,-0.001802691,0.036162391,-0.028375026,-0.039446066,NaN,2.71
19774,95.1,4.67,10.89,0.960333025,0.0607,0.0819,0.0899,0.0803,-0.018547676,0.030475399,0.014525,0.011400652,-0.016885037,-0.008247087,0.002740347,-0.00183389,0.036851435,-0.001242733,-0.014527225,NaN,2.8
19781,89.21,4.8,10.92,1.111492553,0.0629,0.0847,0.0922,0.0831,-0.012757005,0.027569598,0.015175,0.020933978,-0.009687233,0.000338459,0.002200802,-0.001381708,0.036739021,-0.051036009,-0.063725921,NaN,2.54
19782,95.53,4.91,11.23,1.027901581,0.0673,0.0876,0.096,0.0865,-0.012196379,0.016523465,0.015725,0.028391167,-0.012458058,-0.010805233,0.00385365,-0.001834939,0.03912584,0.085602985,0.071712973,NaN,3.18
19783,102.54,5.02,11.57,0.972257513,0.0785,0.0869,0.0942,0.086,-0.016769266,0.012703906,0.016825,0.01993865,0.025425776,0.031086484,0.002800145,-0.002599305,0.039890049,0.086890921,0.073995756,NaN,3.05
19784,96.11,5.07,12.33,1.045701296,0.0908,0.0916,0.0994,0.0898,-0.018459037,0.014850552,0.019625,0.018045113,-0.014458786,-0.020576617,0.006946542,-0.001548154,0.040574538,-0.049653907,-0.063301313,NaN,3.56
19791,101.59,5.2,13.3,1.033078939,0.0948,0.0937,0.1026,0.0902,-0.019141,0.011670308,0.0227,0.031019202,0.018311064,0.016021344,0.002615927,-0.001349922,0.040871722,0.070921416,0.056637959,NaN,3.51
19792,102.91,5.34,13.98,1.057863607,0.0906,0.0929,0.1038,0.0877,-0.011250538,0.012068377,0.0237,0.035816619,0.046161979,0.044851691,0.002142543,-0.001327684,0.040194403,0.02710632,0.012736235,NaN,3.86
19793,109.32,5.51,14.63,1.013794987,0.1026,0.0944,0.1054,0.0927,-0.014570313,0.009403924,0.02265,0.031811895,-0.024024213,-0.020357077,0.002447231,-0.001419556,0.040762636,0.076183256,0.062549871,NaN,3.7
19794,107.94,5.65,14.86,1.061950068,0.1204,0.1074,0.1206,0.1012,-0.008757492,0.010514465,0.02565,0.028150134,-0.050232518,-0.078833021,0.004617322,-0.000371131,0.040239537,0.001799042,-0.012484186,NaN,3.79
19801,102.09,5.8,15.29,1.093732103,0.152,0.1296,0.1445,0.1239,-0.004062752,0.011877445,0.0301,0.044328553,-0.145143335,-0.132125143,0.008425918,-0.000484608,0.040067247,-0.039687788,-0.052371844,NaN,3.94
19802,114.24,5.94,14.94,0.990183427,0.0707,0.1058,0.1271,0.1006,-0.008317549,0.015304387,0.038,0.032459426,0.243682241,0.242270121,0.005626351,0.000420313,0.037647728,0.133012807,0.117660505,NaN,3.51
19803,125.46,6.07,14.64,0.921687652,0.1027,0.1202,0.137,0.1185,-0.012295371,0.023796039,0.017675,0.015719468,-0.112618596,-0.107164815,0.005728395,0.000765403,0.037421496,0.112813199,0.099023311,NaN,3.4
19804,135.76,6.16,14.82,0.891503024,0.1549,0.1321,0.1514,0.1199,-0.007371492,0.026816375,0.025675,0.027380952,0.018053982,0.01022014,0.007561244,0.001020158,0.037734684,0.095069881,0.082332835,NaN,3.97
19811,136,6.28,14.58,0.924920557,0.1336,0.1333,0.1534,0.1248,-0.008404357,0.027939298,0.038725,0.025492468,-0.01819254,-0.009680314,0.005204288,0.000448875,0.038017189,0.014378125,0.002135371,NaN,3.7
19812,131.21,6.39,15.01,0.950474982,0.1473,0.1375,0.158,0.1304,-0.004109912,0.027893436,0.0334,0.023728814,-0.010850447,-0.019726094,0.002749233,-5.70E-05,0.038292861,-0.021945206,-0.033988428,NaN,3.94
19813,116.18,6.52,15.27,1.092378644,0.147,0.1549,0.1692,0.1482,-0.013633016,0.02148337,0.036825,0.028697572,-0.085985627,-0.08891531,0.005689101,-0.000542183,0.038667509,-0.102562805,-0.114591633,NaN,3.66
19814,122.55,6.63,15.36,1.061142857,0.1085,0.1423,0.1655,0.1334,-0.009167498,0.011909646,0.03675,0.008583691,0.147491411,0.116647808,0.004488053,-0.001279466,0.03903417,0.068509146,0.054047183,NaN,4.06
19821,111.96,6.72,14.81,1.185750574,0.1268,0.1458,0.1682,0.1387,-0.004335234,0.005548433,0.027125,0.005319149,0.046512334,0.049045184,0.006235391,-0.001889145,0.037690582,-0.071395325,-0.085130011,NaN,3.15
19822,109.61,6.81,14.17,1.201581417,0.1247,0.1481,0.1692,0.1412,-0.0032857,0.00121303,0.0317,0.026455027,0.017616382,0.009560905,0.003591929,-0.002177932,0.036057991,-0.005130647,-0.020274989,NaN,3.3
19823,120.42,6.85,13.56,1.088535565,0.0792,0.1294,0.1563,0.1183,0.002110362,0.000550709,0.031175,0.009278351,0.202077382,0.213380094,0.009505811,-0.001863136,0.034637756,0.116223799,0.100443088,NaN,3.05
19824,140.64,6.87,12.64,0.932214727,0.0794,0.1183,0.1414,0.1095,0.012952613,0.002990053,0.0198,-0.003064351,0.096358764,0.109378866,0.014107796,-0.001346349,0.033715711,0.184436545,0.169887253,NaN,3.14
19831,152.96,6.91,12.42,0.780067786,0.0835,0.1173,0.1361,0.1083,0.019178412,0.005993542,0.01985,0.003073771,0.007221991,0.040435263,0.00676432,-0.001214853,0.032924507,0.099601001,0.086635907,NaN,2.93
19832,168.11,6.94,12.59,0.721382042,0.0879,0.1174,0.1337,0.1119,0.022293948,0.015826551,0.020875,0.016343207,-0.001070309,0.015929607,0.003907513,-0.000827812,0.033119712,0.109144549,0.097449507,NaN,3.47
19833,166.07,7,13.3,0.714847583,0.09,0.1237,0.1355,0.1157,0.035049406,0.023178393,0.021975,0.012060302,0.001444591,-0.003024826,0.004719163,-0.001828432,0.034236115,-0.0019884,-0.012556362,NaN,3.76
19834,164.93,7.09,14.03,0.700359118,0.09,0.1257,0.1375,0.1197,0.029345257,0.027056897,0.0225,0.005958292,-0.001070225,0.008326007,0.002479773,-0.001693727,0.035973874,0.004616491,-0.006307139,NaN,3.87
19841,159.18,7.18,15.26,0.762475427,0.0952,0.1257,0.1399,0.1253,0.021928737,0.024104936,0.0225,0.012833169,-0.009530505,-0.014383787,0.00416867,-0.002007952,0.036714921,-0.021158075,-0.031840807,NaN,4.16
19842,153.18,7.31,16.2,0.784351819,0.0987,0.1355,0.1505,0.1374,0.022700484,0.001304065,0.0238,0.010721248,-0.047481573,-0.036446834,0.003644341,-0.001879243,0.037981186,-0.024844675,-0.03693936,NaN,4.41
19843,166.1,7.38,16.56,0.736050915,0.1037,0.1266,0.1435,0.1235,0.022544686,-0.009492547,0.024675,0.012536162,0.135286204,0.125359529,0.004935717,-0.00140754,0.038644769,0.097055075,0.084874714,NaN,4.12
19844,167.24,7.53,16.64,0.733098377,0.0806,0.1213,0.134,0.117,0.02096805,-0.027196787,0.025925,0.002857143,0.078285894,0.093431682,0.003502243,-0.001127664,0.039021901,0.018846012,0.006783866,NaN,3.95
19851,180.66,7.66,16.39,0.723645779,0.0852,0.1256,0.1369,0.1181,0.031546046,-0.024815769,0.02015,0.010446344,0.015554358,0.011780131,0.003183403,-0.00187506,0.038913407,0.091428322,0.07997165,NaN,3.91
19852,191.85,7.74,15.61,0.686430144,0.0695,0.1094,0.124,0.1055,0.033698072,-0.026607514,0.0213,0.011278196,0.13181507,0.123273626,0.002035261,-0.002195965,0.038929165,0.075813291,0.064712095,NaN,3.63
19853,182.08,7.84,15.23,0.68995883,0.071,0.1107,0.1248,0.1082,0.037530521,-0.031294354,0.017375,0.006505576,0.005318189,0.020781856,0.002214168,-0.002121274,0.03795756,-0.042695587,-0.052623919,NaN,3.74
19854,211.28,7.9,14.61,0.592692688,0.071,0.1016,0.1158,0.0956,0.034868997,-0.019465082,0.01775,0.00923361,0.133426696,0.121352701,0.003084908,-0.001721356,0.038150161,0.174151263,0.162344085,NaN,3.33
19861,238.9,8.02,14.52,0.519627628,0.0656,0.09,0.105,0.0766,0.031716965,-0.016419622,0.01775,-0.004574565,0.197315709,0.107687383,0.004383183,-0.001918316,0.037281951,0.141978522,0.13203455,NaN,3.82
19862,250.84,8.1,14.71,0.499281457,0.0621,0.0913,0.1034,0.079,0.025952267,-0.012293237,0.0164,0.006433824,-0.000357285,0.006650548,0.005425395,-0.002562187,0.036082885,0.057632783,0.04876085,NaN,3.82
19863,231.32,8.23,14.85,0.534629267,0.0521,0.0889,0.102,0.0827,0.023174564,-0.00513866,0.015525,0.006392694,-0.013366974,0.018935438,0.007883792,-0.00237943,0.035277394,-0.071697389,-0.079686961,NaN,3.88
19864,242.17,8.28,14.48,0.498430866,0.0553,0.0849,0.0997,0.0789,0.022313885,-0.011375999,0.013025,0.002722323,0.054470161,0.054839262,0.003983793,-0.002240325,0.035256276,0.053028801,0.042166321,NaN,2.96
19871,291.7,8.34,15.1,0.428040214,0.0559,0.0836,0.0961,0.0795,0.025777415,-0.00221743,0.013825,0.014479638,0.013508478,0.01858581,0.005861569,-0.002037288,0.034073043,0.213753857,0.204671226,NaN,4.44
19872,304,8.52,14.42,0.407892397,0.0567,0.0932,0.1052,0.0877,0.028381981,0.005202462,0.013975,0.012488849,-0.048064923,-0.040493614,0.007753561,-0.001750249,0.034447354,0.050140459,0.041418707,NaN,3.14
19873,321.83,8.66,15.86,0.379966722,0.064,0.1018,0.1131,0.0992,0.027862366,0.006350332,0.014175,0.013215859,-0.069651468,-0.060695836,0.005129119,-0.002827205,0.035073244,0.066965908,0.0588948,NaN,5.32
19874,247.08,8.81,17.5,0.508812016,0.0577,0.1011,0.1129,0.092,0.023756322,0.013274756,0.016,0.003478261,0.083823313,0.086387026,0.084582781,-0.00270069,0.034679757,-0.226777234,-0.234885346,NaN,4.6
19881,258.89,8.95,18.59,0.507529954,0.057,0.0939,0.1057,0.0901,0.026745813,0.00608003,0.014425,0.009532062,0.039231428,0.046168647,0.012784053,-0.002572201,0.034621798,0.058492887,0.047178567,2.243,5.53
19882,273.5,9.23,21.67,0.471118872,0.0646,0.0986,0.11,0.0917,0.026910727,-0.005397921,0.01425,0.012875537,0.009805046,0.016607409,0.008376642,-0.002646697,0.035059223,0.067175612,0.057274691,2.504,6.22
19883,271.91,9.46,22.73,0.477540454,0.0724,0.0982,0.109,0.0917,0.034483381,-0.010001514,0.01615,0.015254237,0.022811598,0.026652286,0.004493678,-0.002608375,0.034927518,0.004364986,-0.006101427,2.461,6.38
19884,277.72,9.75,23.75,0.465283574,0.0807,0.0957,0.1065,0.0918,0.034482721,-0.021405747,0.0181,0.005843072,0.02171288,0.013877391,0.00360765,-0.002291317,0.035065764,0.030928398,0.018327827,2.542,5.62
19891,294.87,10.011,24.96,0.468691414,0.0882,0.098,0.1067,0.0929,0.033484056,-0.023102134,0.020175,0.014937759,0.014261477,0.013484472,0.003427104,-0.002380447,0.035272457,0.069547541,0.059638796,2.504,6.74
19892,317.98,10.368,25.22,0.440562937,0.0815,0.091,0.1003,0.0821,0.037562831,-0.023948071,0.02205,0.014717907,0.114752658,0.101877557,0.00345817,-0.002694326,0.035385741,0.088706921,0.078487245,2.861,6.48
19893,349.15,10.734,23.69,0.39920975,0.0775,0.0901,0.0991,0.0847,0.036739725,-0.025747099,0.020375,0.007252216,-0.000821581,0.005214699,0.002949468,-0.002756619,0.035912378,0.1072426,0.097767219,2.827,4.85
19894,353.4,11.055,22.87,0.390454744,0.0763,0.0886,0.0982,0.0816,0.037542971,-0.012333537,0.019375,0.0088,0.045368023,0.035414076,0.007404142,-0.002928834,0.03516601,0.018930333,0.010344889,2.863,4.8
19901,339.94,11.318,21.67,0.471333956,0.079,0.0937,0.1021,0.0889,0.034776084,-0.01029144,0.019075,0.020618557,-0.040952707,-0.021354775,0.004932871,-0.002364162,0.0352588,-0.030064641,-0.03817174,2.767,5.54
19902,358.02,11.663,21.26,0.442949432,0.0773,0.0926,0.1022,0.0864,0.035060478,-0.000507275,0.01975,0.009324009,0.043932319,0.040667806,0.00367905,-0.002534271,0.034446284,0.0632975,0.053963407,3.206,6.07
19903,306.05,11.834,21.74,0.520289666,0.0736,0.0956,0.1064,0.0914,0.043113553,0.001372877,0.019325,0.021555042,-0.020318616,-0.01037345,0.009111018,-0.003259189,0.034365669,-0.139165783,-0.146838785,2.998,5.33
19904,330.22,12.086,21.34,0.48449686,0.0674,0.0905,0.1043,0.0844,0.043400008,-0.001845908,0.0184,0.008289375,0.082434252,0.059478873,0.007727252,-0.002338233,0.033511221,0.090418474,0.079708098,3.115,4.4
19911,375.22,12.11,20.94,0.4571256,0.0591,0.0893,0.1009,0.0844,0.039019017,0.003251396,0.01685,0.00896861,0.019899948,0.03837614,0.006999951,-0.002470106,0.032562628,0.147057777,0.138175932,2.791,5.14
19912,371.16,12.147,19.41,0.458243743,0.0557,0.0901,0.0996,0.086,0.039079066,0.014247489,0.014775,0.007407407,0.0076118,0.015921863,0.004837834,-0.002382857,0.032155444,-0.002116097,-0.010368239,3.243,4.54
19913,387.86,12.275,17.82,0.441531837,0.0522,0.0861,0.0951,0.079,0.036716958,0.023289044,0.013925,0.008823529,0.082055884,0.072969516,0.003617664,-0.001770907,0.031651854,0.053455337,0.045291578,3.126,3.74
19914,417.09,12.203,15.97,0.420344417,0.0407,0.0831,0.0926,0.073,0.027805248,0.031812384,0.01305,0.005102041,0.072537013,0.059197207,0.005224232,-0.001253216,0.031424662,0.08367749,0.075244956,3.043,2.55
19921,403.69,12.324,16.19,0.402106034,0.0404,0.0835,0.0925,0.0797,0.026164391,0.041900538,0.010175,0.010152284,-0.036607067,-0.015108658,0.002255428,-0.001250872,0.031101939,-0.025077697,-0.032043147,2.912,5.36
19922,408.14,12.32,17.05,0.392042354,0.0366,0.0822,0.0905,0.0765,0.022355743,0.04307656,0.0101,0.006460876,0.046457658,0.043062474,0.003103992,-0.001273507,0.031913011,0.018067728,0.010232461,3.239,5.4
19923,417.8,12.395,18.04,0.397656972,0.0291,0.0792,0.0862,0.071,0.025470331,0.041137782,0.00915,0.007845934,0.066131843,0.050373964,0.002139252,-0.001076155,0.032178757,0.031026089,0.023338852,3.201,4.73
19924,435.71,12.385,19.09,0.394109614,0.0322,0.0798,0.0881,0.0726,0.028657357,0.038828688,0.007275,0.004246285,0.005317233,0.013791546,0.001923792,-0.001111524,0.032786478,0.052650579,0.04520142,3.033,3.6
19931,451.67,12.479,19.84,0.333613526,0.0295,0.0758,0.0815,0.0702,0.032794414,0.037106414,0.00805,0.011980268,0.066626422,0.0538681,0.002500472,-0.001669026,0.03285629,0.042551756,0.035269227,3.006,6.11
19932,450.53,12.523,19.33,0.325931248,0.0307,0.0733,0.0807,0.0668,0.031181711,0.041154021,0.007375,0.005571031,0.057369669,0.036721665,0.002395945,-0.00174797,0.033240883,0.004565955,-0.002721488,3.283,4.89
19933,458.93,12.519,20.41,0.322351822,0.0295,0.0666,0.0734,0.0627,0.035659504,0.041840711,0.007675,0.004847645,0.063860605,0.043454644,0.001361206,-0.001153731,0.033234852,0.024836405,0.017731275,3.197,5.81
19934,466.45,12.577,21.89,0.305267223,0.0306,0.0693,0.0769,0.0654,0.034600622,0.04572687,0.007375,0.004824259,-0.014581737,-0.007188312,0.001160261,-0.001012497,0.034152375,0.02384273,0.016965048,3.091,5.08
19941,445.77,12.707,22.71,0.307483805,0.035,0.0748,0.0813,0.0725,0.040485172,0.041905088,0.00765,0.009602195,-0.059148468,-0.046933873,0.002341667,-0.001099839,0.034200822,-0.038328891,-0.044897293,3.136,6.93
19942,444.27,12.835,25.2,0.308417077,0.0414,0.0797,0.0865,0.0774,0.037764234,0.033995564,0.00875,0.005434783,-0.03284623,-0.023811557,0.002921304,-0.000965722,0.034416648,0.003846638,-0.003588457,3.411,7.38
19943,462.71,12.923,27.33,0.290904659,0.0462,0.0834,0.0898,0.08,0.043246725,0.029003295,0.01035,0.00945946,-0.006618717,0.000470048,0.001689563,-0.000839298,0.034678413,0.049662176,0.042473728,3.285,7.94
19944,459.27,13.17,30.6,0.2915683,0.056,0.0846,0.091,0.0799,0.039822903,0.016594293,0.01155,0.002008032,0.020249244,0.012440619,0.00269975,-0.000576007,0.035685966,0.000290023,-0.007029142,3.338,8.35
19951,500.71,13.17,32.55,0.313876542,0.0573,0.0812,0.087,0.0755,0.03732216,0.014388598,0.014,0.011356045,0.06640024,0.065264619,0.001246097,-0.000566771,0.0366135,0.097525245,0.090412667,3.136,8.88
19952,544.75,13.361,34.43,0.286429618,0.0547,0.073,0.079,0.067,0.043330835,0.008274919,0.014325,0.007265522,0.112486668,0.090249714,0.001965127,-0.000267726,0.036539703,0.096229074,0.089035006,3.602,9.26
19953,584.41,13.575,35.18,0.272494998,0.0528,0.0732,0.0793,0.0663,0.043094949,0.006379353,0.013675,0.004590164,0.024015582,0.026553443,0.001361411,-0.000140216,0.036353112,0.08067723,0.07418093,3.499,8.69
19954,615.93,13.788,33.96,0.255026383,0.0514,0.0682,0.0749,0.0603,0.045136014,0.015526517,0.0132,0.001958225,0.083728932,0.066931468,0.001854517,-0.000146604,0.036641956,0.058943976,0.052655371,3.551,7.13
19961,645.5,14.104,34.04,0.239299615,0.0496,0.0735,0.0803,0.0684,0.04413701,0.016891913,0.01285,0.014332248,-0.069310586,-0.048484841,0.004393302,3.06E-05,0.037138276,0.055319885,0.049546025,3.452,8.96
19962,670.63,14.273,34.91,0.236443725,0.0509,0.0771,0.084,0.0703,0.040872769,0.027216174,0.0124,0.006422608,-0.001953661,0.001425262,0.002501933,-0.00084789,0.037670077,0.045068522,0.039355222,3.771,10.13
19963,687.31,14.664,36,0.227297318,0.0509,0.0766,0.0835,0.0704,0.040621728,0.029580737,0.012725,0.007019783,0.016523354,0.019737419,0.004162912,-0.000538694,0.038369185,0.031231376,0.025270405,3.89,9.78
19964,740.74,14.899,38.73,0.20734273,0.0491,0.072,0.0789,0.0673,0.04127176,0.024125687,0.012725,0.005069709,0.049348938,0.043571131,0.003019465,-0.000396755,0.038824006,0.083400285,0.077746335,3.786,9.86
19971,757.12,15.059,40.24,0.214780202,0.0514,0.0755,0.0818,0.0723,0.036829506,0.021148543,0.012275,0.008827238,-0.032417371,-0.022107667,0.004836335,-0.001308306,0.03918379,0.026406564,0.021598352,3.612,10.47
19972,885.14,15.161,40.55,0.184287615,0.0493,0.0741,0.0802,0.0688,0.032811242,0.010846707,0.01285,0.001875,0.055638573,0.050723364,0.006987,-0.000662098,0.039437708,0.175008337,0.169755809,3.873,10.44
19973,947.28,15.333,40.64,0.177967857,0.0495,0.0715,0.077,0.0649,0.03284111,0.014634266,0.012325,0.005614473,0.061429312,0.050755041,0.007101431,-0.00074286,0.040587108,0.076016628,0.071414611,4.062,9.87
19974,970.43,15.497,39.72,0.178800884,0.0516,0.0676,0.0732,0.0602,0.027793527,0.015559471,0.012375,0.000620347,0.068713726,0.046172014,0.014275306,-0.000888779,0.040219418,0.029561995,0.025237219,3.95,8.94
19981,"1,101.75",15.641,39.54,0.181140396,0.0503,0.0672,0.0732,0.0602,0.017854541,0.016488861,0.0129,0.005579665,0.01518764,0.016839774,0.004658976,-0.00073979,0.040902247,0.140503003,0.1363826,3.756,10.29
19982,"1,133.84",15.95,38.97,0.178060606,0.0498,0.0653,0.0713,0.0576,0.01856766,0.024010577,0.012575,0.004932183,0.044122639,0.033842528,0.004670931,-0.001168848,0.041622727,0.034101394,0.030264498,4.182,9.87
19983,"1,017.01",16.143,38.09,0.203248404,0.0461,0.064,0.0709,0.0517,0.020924732,0.024082909,0.01245,0.003680982,0.083485403,0.044684392,0.02153311,-0.001633908,0.041589479,-0.098199402,-0.101887152,4.255,8.99
19984,"1,229.23",16.195,37.71,0.173611315,0.0439,0.0622,0.0723,0.0542,0.013710483,0.020057029,0.011525,0.001833741,-0.015472063,0.008494487,0.010395104,-0.001033873,0.042103877,0.215715169,0.211540164,4.002,8.56
19991,"1,286.37",16.449,38.38,0.172897171,0.0444,0.0662,0.0753,0.0592,0.010864705,0.020668122,0.010975,0.006711409,-0.041296777,-0.028098889,0.010031351,-0.001075351,0.042313012,0.048847412,0.045506919,4.01,10.96
19992,"1,372.71",16.448,41.02,0.154227447,0.0457,0.0723,0.0802,0.0627,0.01759495,0.018868581,0.0111,0.007272727,-0.024110627,-0.035638436,0.008221521,-0.001144629,0.042696891,0.068697632,0.065011572,4.181,12.51
19993,"1,282.71",16.641,43.96,0.163684498,0.0468,0.0739,0.082,0.0646,0.019318617,0.020379679,0.011425,0.01022864,-0.004668047,-0.004699617,0.00704597,-0.000985703,0.043155686,-0.062152832,-0.065311069,4.448,11.93
19994,"1,469.25",16.692,48.17,0.147167259,0.052,0.0755,0.0819,0.0682,0.017930415,0.017888756,0.0117,0.002382371,-0.022679644,-0.007934625,0.007379017,0.000064278,0.042574262,0.154383237,0.151038079,4.053,12.77
20001,"1,498.58",16.762,50.95,0.149973562,0.0569,0.0768,0.0837,0.0618,0.00610556,0.01829139,0.013,0.017231135,0.088329651,0.024100344,0.014885082,0.000184884,0.043372637,0.025744412,0.022780259,4.08,13.74
20002,"1,454.60",16.704,51.92,0.156777962,0.0569,0.0767,0.0848,0.0622,0.014880454,0.007124213,0.014225,0.007009346,0.011124841,0.004291426,0.015486928,-0.000246743,0.043920244,-0.028359973,-0.031071447,4.123,13.48
20003,"1,436.51",16.347,53.7,0.153789463,0.06,0.0762,0.0835,0.0612,0.013726618,0.004468926,0.014225,0.007540603,0.025360271,0.036387202,0.004704681,-0.000508488,0.043573482,-0.005642104,-0.00838513,4.091,13.71
20004,"1,320.28",16.271,50,0.151851504,0.0577,0.0721,0.0802,0.0558,0.022464744,-0.002261747,0.015,0.001727116,0.076740606,0.058753145,0.014139872,-0.000524853,0.042939752,-0.076814951,-0.079549152,3.977,9.07
20011,"1,160.33",15.973,45.44,0.133113551,0.0442,0.0698,0.0784,0.0559,0.012955969,-0.005213444,0.014425,0.012643678,0.012064439,0.046013668,0.014609023,-0.001864067,0.04180515,-0.121308278,-0.123970005,3.782,9.18
20012,"1,224.42",15.686,36.79,0.125209433,0.0349,0.0718,0.0797,0.059,0.014488825,0.005040755,0.01105,0.010215664,-0.019451394,0.005732311,0.011470857,-0.001592206,0.040263313,0.05863502,0.055455138,3.836,4.83
20013,"1,040.94",15.736,28.31,0.148628588,0.0264,0.0717,0.0803,0.0542,0.019416841,0.008652734,0.008725,0.001685393,0.067552254,0.03626876,0.012288728,-0.001822915,0.039189315,-0.146723048,-0.149805576,4.141,5.23
20014,"1,148.08",15.74,24.69,0.131217846,0.0169,0.0677,0.0805,0.0575,0.014939324,0.013464825,0.0066,-0.00897364,-0.021132636,0.014861734,0.007237089,-0.001336167,0.037530798,0.10982139,0.105850065,3.981,5.45
20021,"1,147.39",15.73,24.7,0.236833402,0.0179,0.0681,0.0811,0.0604,0.012625933,0.013759444,0.004225,0.01188455,-0.019251299,0.000321039,0.006766544,-0.00223859,0.03617748,0.002786409,-0.000601495,3.772,9.19
20022,989.81,16.039,26.74,0.266572502,0.017,0.0663,0.0795,0.0566,0.012874455,0.02752277,0.004475,0.006152125,0.0620574,0.044455157,0.010129335,-0.002606791,0.035374223,-0.134799258,-0.138159305,4.145,6.87
20023,815.29,15.799,30.04,0.324555156,0.0163,0.0615,0.074,0.048,0.016944558,0.029299296,0.00425,0.006114508,0.123062937,0.089840701,0.032118194,-0.003212615,0.034896832,-0.169063905,-0.172761339,3.901,8.53
20024,879.82,16.074,27.59,0.295385896,0.0119,0.0621,0.0745,0.0484,0.019694466,0.025735981,0.004075,-0.000552486,0.007367745,0.024379637,0.018678249,-0.004144305,0.034089946,0.085020423,0.079884787,4.256,3
20031,848.18,16.224,30.32,0.286117701,0.0113,0.0589,0.0695,0.049,0.027519928,0.024098595,0.002975,0.018242123,0.008154918,0.020326997,0.013867812,NaN,0.033950354,-0.031538732,-0.036038086,3.922,11.92
20032,974.51,16.165,34.55,0.254488337,0.0092,0.0497,0.0619,0.0445,0.018937812,0.001261884,0.002825,-0.002714441,0.053525781,0.055762166,0.00729083,NaN,0.034579834,0.155048585,0.150073915,4.086,11.1
20033,995.97,16.586,38.58,0.246541783,0.0094,0.0572,0.0679,0.0523,0.020311715,0.007323401,0.0023,0.008165487,-0.033174485,-0.021256298,0.004881161,NaN,0.034977995,0.026736691,0.0222878,4.322,12.56
20034,"1,111.92",17.385,48.74,0.218739865,0.009,0.0562,0.066,0.0515,0.015733977,0.006946316,0.00235,-0.004859611,-0.017453428,-0.001516917,0.003220976,NaN,0.035067927,0.120496395,0.115199453,5.055,13.16
20041,"1,126.21",18.024,52,0.281731466,0.0094,0.0533,0.0611,0.0474,0.018804376,0.012282038,0.00225,0.016820402,0.056824134,0.049067488,0.003570794,NaN,0.034375182,0.018268051,0.014165541,4.561,15.18
20042,"1,140.84",18.602,56.15,0.279631603,0.0127,0.0601,0.0678,0.0532,0.014509222,0.014491427,0.00235,0.012273212,-0.052269682,-0.051379984,0.002979323,NaN,0.034907514,0.017278368,0.013034749,4.664,15.25
20043,"1,114.58",19.163,57.77,0.289485302,0.0165,0.0546,0.0627,0.0488,0.012296511,0.009132256,0.003175,0.001054296,0.065746128,0.069318931,0.00292563,NaN,0.035552703,-0.018772096,-0.023114478,4.883,14.18
20044,"1,211.92",19.442,58.55,0.270619243,0.0219,0.0547,0.0615,0.0484,0.018847433,0.013001505,0.004125,0.002106372,0.016430631,0.02167105,0.002815744,NaN,0.035904073,0.091767093,0.083440846,5.334,13.94
20051,"1,180.59",20.225,60.22,0.319856889,0.0274,0.054,0.0606,0.0488,0.021123321,0.009097231,0.005475,0.015764582,0.009494925,0.003487388,0.002515744,NaN,0.036032533,-0.020361172,-0.024817396,5.344,16.85
20052,"1,191.33",20.925,63.26,0.326979057,0.0297,0.0496,0.0586,0.0429,0.023265689,0.00536566,0.00685,0.006207967,0.08594521,0.078155272,0.003227428,NaN,0.036215113,0.01420088,0.009614905,5.364,18.29
20053,"1,228.81",21.471,66.47,0.31789151,0.0342,0.0513,0.0603,0.0464,0.025336671,0.006716401,0.007425,0.022107969,-0.030378724,-0.032616796,0.002006532,NaN,0.036560103,0.036154552,0.031576001,5.429,17.39
20054,"1,248.29",22.216,69.83,0.313477957,0.0389,0.0537,0.0632,0.0461,0.026523343,0.003058886,0.00855,-0.010060362,0.014226663,0.011557246,0.002790883,NaN,0.036421737,0.021955614,0.016960673,6.079,17.3
20061,"1,294.83",22.784,72.67,0.316009441,0.0451,0.0553,0.0641,0.0507,0.015140299,0.002151995,0.009725,0.015243902,-0.042812503,-0.037155631,0.002169212,NaN,0.037218108,0.042213594,0.037400873,5.912,19.69
20062,"1,270.20",23.437,74.49,0.31485029,0.0479,0.0589,0.0678,0.0531,0.022157148,-0.002195489,0.011275,0.015515516,-0.014742967,-0.020550185,0.004057787,NaN,0.037412232,-0.015035979,-0.019659091,6.017,20.11
20063,"1,335.85",24.096,78.57,0.300593284,0.0481,0.0551,0.0643,0.0484,0.025345801,-0.009493486,0.011975,0,0.068251725,0.080065567,0.00243431,NaN,0.037586751,0.057133323,0.052247723,6.088,21.47
20064,"1,418.30",24.884,81.51,0.2816824,0.0485,0.0532,0.0622,0.0491,0.018743192,-0.015036779,0.012025,-0.00542139,0.004285388,0.013539812,0.001400314,NaN,0.037513111,0.065987199,0.060687899,6.867,20.24
20071,"1,420.86",25.494,83.15,0.269050014,0.0494,0.053,0.0627,0.0493,0.007639691,-0.012486353,0.012125,0.017601586,0.008125405,-0.000188149,0.003514865,NaN,0.03771645,0.006577122,0.002042976,6.522,21.33
20072,"1,503.35",26.17,84.921,0.24789561,0.0461,0.0579,0.067,0.0521,0.013095402,-0.011064006,0.01235,0.014609062,-0.020663803,-0.018789272,0.002751156,NaN,0.038069601,0.062016853,0.057198084,6.693,21.881
20073,"1,526.75",26.978,78.601,0.239207437,0.0389,0.0574,0.0659,0.0489,0.017535705,-0.013015004,0.011525,0.000662341,0.050123798,0.025612703,0.009428702,NaN,0.038167999,0.020273122,0.015371192,6.896,15.15
20074,"1,468.36",27.732,66.181,0.250582973,0.03,0.0549,0.0665,0.045,0.019943016,-0.040637294,0.009725,0.007415224,0.059942626,0.019616475,0.009665044,NaN,0.038252808,-0.030705079,-0.035680745,7.621,7.82
20081,"1,322.70",28.302,60.391,0.254057567,0.0126,0.0551,0.0689,0.0432,0.020479444,-0.051831559,0.0075,0.016625721,0.033983606,-0.011280139,0.0143951,NaN,0.037902352,-0.093754971,-0.098504152,7.092,15.54
20082,"1,280.00",28.712,51.37,0.274491388,0.0186,0.0568,0.0707,0.046,0.000500014,-0.047376886,0.00315,0.024760219,-0.023711689,-0.024837072,0.007969623,NaN,0.037495496,-0.025752128,-0.030827229,7.103,12.86
20083,"1,166.36",28.854,45.95,0.287123548,0.0113,0.0565,0.0731,0.0443,0.025931961,-0.048922844,0.00465,-0.000146242,0.033081862,-0.085324068,0.031688363,NaN,0.036341384,-0.07857166,-0.083788403,7.038,9.73
20084,903.25,28.387,14.88,0.354984225,0.0003,0.0505,0.0843,0.0303,0.017291283,-0.024498464,0.002825,-0.039102673,0.206889079,0.233587252,0.114435487,NaN,0.033841174,-0.218959429,-0.224992699,7.154,-23.25
20091,797.87,27.255,6.86,0.296528285,0.0021,0.055,0.0842,0.0355,0.026942495,-0.037427388,0.000075,0.011801473,-0.060794013,-0.124356081,0.042296684,NaN,0.03101772,-0.105578826,-0.113611999,5.96,7.52
20092,919.32,25.594,7.51,0.267107849,0.0018,0.0561,0.075,0.0429,0.01074209,-0.022097491,0.000525,0.014028555,-0.080521631,0.082354666,0.017404707,NaN,0.02989406,0.156876078,0.149977986,5.442,13.51
20093,"1,057.08",23.901,12.54,0.232310024,0.0012,0.0513,0.0631,0.0403,0.018876717,-1.43E-05,0.00045,0.001279597,0.043084663,0.110847998,0.007861407,NaN,0.029575041,0.152440604,0.146459489,5.345,14.76
20094,"1,115.10",22.405,50.97,0.216364517,0.0005,0.0526,0.0637,0.0458,0.020492999,0.010594468,0.0003,-9.26E-05,-0.055250988,-0.021658154,0.006832721,NaN,0.029636424,0.06065713,0.055016372,5.658,15.18
20101,"1,169.43",21.904,60.93,0.38187817,0.0015,0.0527,0.0627,0.0458,0.018925433,0.013932077,0.000125,0.007788876,0.011196423,0.018038891,0.004998357,NaN,0.029705788,0.054207926,0.049050359,5.459,17.48
20102,"1,030.71",22.037,67.1,0.424176542,0.0012,0.0488,0.0623,0.0376,0.013064903,0.018775881,0.000375,0.001534708,0.12333273,0.083982097,0.015493433,NaN,0.030536385,-0.115437653,-0.119944991,5.575,19.68
20103,"1,141.20",22.353,71.86,0.384305783,0.0015,0.0453,0.0566,0.0341,0.009887918,0.003337509,0.0003,0.002174661,0.056375419,0.049770133,0.008390571,NaN,0.031190503,0.114170937,0.107801115,5.661,19.52
20104,"1,257.64",22.729,77.35,0.358100317,0.0014,0.0502,0.061,0.0414,0.01027639,0.012611849,0.000375,0.003387673,-0.082095956,-0.029411197,0.003650159,NaN,0.031600953,0.108320206,0.101909187,6.034,20.67
20111,"1,325.83",23.431,81.31,0.354269939,0.001,0.0513,0.0603,0.0429,0.002041586,0.012476022,0.00035,0.019563918,-0.009116367,-0.011579102,0.004276028,NaN,0.031351139,0.057276414,0.052332009,6.161,21.44
20112,"1,320.64",24.341,83.87,0.351570039,0.0004,0.0499,0.0575,0.0404,0.008923307,0.011733553,0.00025,0.010090975,0.037202145,0.028159731,0.003865481,NaN,0.031958618,0.000955517,-0.003965622,6.485,22.24
20113,"1,131.42",25.181,86.98,0.399922847,0.0001,0.0409,0.0527,0.0265,0.011343951,0.013049301,0.0001,0.005170077,0.21173309,0.134100224,0.027968816,NaN,0.033224017,-0.13817932,-0.142775646,6.501,22.63
20114,"1,257.60",26.425,86.95,0.357232541,0.0001,0.0393,0.0525,0.0248,0.014300992,-0.006497331,0.000025,-0.005363856,0.020562702,0.023306786,0.01784455,NaN,0.033794351,0.116415884,0.109789855,7.278,20.64
20121,"1,408.47",27.353,88.54,0.346181967,0.0008,0.0399,0.0523,0.029,0.007251174,-0.01377505,0.000025,0.016484101,-0.049017922,-0.005853301,0.002427104,NaN,0.034355505,0.126345775,0.120528998,7.089,23.03
20122,"1,362.16",28.32,87.92,0.355103885,0.0009,0.0364,0.0502,0.0225,0.005539881,-0.019043064,0.0002,0.000374904,0.092763384,0.067149766,0.006560864,NaN,0.03480192,-0.02671266,-0.032091147,7.452,21.62
20123,"1,440.67",29.59,86.5,0.340382954,0.0011,0.0349,0.0484,0.0226,0.003379499,-0.017424901,0.000225,0.008406035,0.002873152,0.038084071,0.003324603,NaN,0.034348455,0.063494006,0.057626108,7.771,21.21
20124,"1,426.19",31.247,86.51,0.349032443,0.0007,0.0365,0.0463,0.0241,-0.00991462,-0.011549118,0.000275,-0.007804431,-0.007482353,0.004940975,0.003863889,NaN,0.034400442,-0.004205252,-0.011313424,8.935,20.65
20131,"1,569.19",32.112,87.7,0.346129997,0.0009,0.0393,0.0485,0.0284,0.002052183,-0.00891064,0.000175,0.013815271,-0.028240973,-0.024050966,0.002634064,NaN,0.034520424,0.106121999,0.100332432,7.954,24.22
20132,"1,606.28",33.266,90.95,0.338444358,0.0005,0.0427,0.0519,0.0329,-0.004993025,0.000118709,0.000225,0.003140399,-0.055194508,-0.056907469,0.004945977,NaN,0.034286847,0.029006147,0.023438982,8.606,24.87
20133,"1,681.55",34.404,94.37,0.333521485,0.0002,0.0464,0.0547,0.0342,-0.003599679,0.010118701,0.000125,0.002762265,-0.019116216,-0.002928992,0.002074712,NaN,0.034551504,0.052277749,0.046637377,8.909,24.63
20134,"1,848.36",34.992,100.2,0.304408126,0.0007,0.0462,0.0538,0.0367,-0.001566514,0.012143942,0.00005,-0.004697863,-0.031572267,0.012521004,0.002828284,NaN,0.034925472,0.106498197,0.100629264,9.523,26.48
20141,"1,872.34",36.228,100.85,0.350616066,0.0005,0.0438,0.0506,0.0331,-0.010755696,0.01641638,0.000175,0.013919819,0.069299935,0.056968908,0.003426186,NaN,0.035066954,0.017637358,0.012495332,9.19,24.87
20142,"1,960.23",37.381,103.12,0.342928459,0.0004,0.0425,0.048,0.0307,-0.010981735,0.013885436,0.000125,0.00867567,0.043888728,0.037171002,0.002199896,NaN,0.035650158,0.051271187,0.045946365,9.759,27.14
20143,"1,972.29",38.495,105.96,0.338576181,0.0002,0.0411,0.048,0.0295,-0.011065542,0.007991443,0.0001,-0.001309038,0.025082554,0.009953325,0.002216347,NaN,0.035986796,0.010967514,0.005794876,10.023,27.47
20144,"2,058.90",39.443,102.31,0.323755672,0.0003,0.0379,0.0474,0.024,-0.01582263,0.005625039,0.00005,-0.013523449,0.090182282,0.059224713,0.005087092,NaN,0.035813413,0.049663118,0.04407741,10.472,22.83
20151,"2,067.89",40.807,99.25,0.307454045,0.0003,0.0364,0.0454,0.0223,-0.02826469,-0.006889459,0.000075,0.005566155,0.028795949,0.031933903,0.004760544,NaN,0.035387885,0.010518932,0.005185586,10.553,21.81
20152,"2,063.11",41.742,94.91,0.310186833,0.0002,0.0419,0.0513,0.0261,-0.028692552,-0.008725336,0.000075,0.010668349,-0.069095526,-0.072893237,0.002513496,NaN,0.035183763,0.001973505,-0.003176946,10.695,22.8
20153,"1,920.03",42.51,90.66,0.335611955,0.0002,0.0407,0.0534,0.024,-0.025553801,-0.013647475,0.00005,-0.00290398,0.052133507,0.0305665,0.011060219,NaN,0.03495545,-0.063632086,-0.068700459,10.791,23.22
20154,"2,043.94",43.388,86.53,0.313648814,0.0023,0.0397,0.0546,0.0243,-0.027658216,-0.022261833,0.00005,-0.005967766,-0.013939666,0.004004,0.005576151,NaN,0.034332929,0.070528407,0.06444087,11.349,18.7
20161,"2,059.74",43.876,86.44,0.327954791,0.0029,0.0382,0.0513,0.0218,-0.026274558,-0.023715134,0.000575,0.006794208,0.07807592,0.073626785,0.008177015,NaN,0.033981673,0.013165592,0.007113612,11.041,21.72
20162,"2,098.86",44.46,86.92,0.323475362,0.0027,0.035,0.0453,0.0179,-0.021505205,-0.028684678,0.000725,0.012119329,0.062025076,0.054534981,0.004677741,NaN,0.033898317,0.025037932,0.019523462,11.279,23.28
20163,"2,168.27",45.026,89.09,0.316793887,0.0029,0.0341,0.0431,0.0196,-0.023671195,-0.032603227,0.000675,0.001701118,-0.018338834,0.013928144,0.002429939,NaN,0.03403745,0.038326491,0.032810691,11.357,25.39
20164,"2,238.83",45.701,94.55,0.293479097,0.0051,0.0406,0.0483,0.0272,-0.024727915,-0.025103574,0.000725,1.66E-05,-0.094609451,-0.070506856,0.001834446,NaN,0.033950407,0.036719317,0.0309674,12.024,24.16
20171,"2,362.72",46.382,100.29,0.281598889,0.0074,0.0401,0.0468,0.0274,-0.023843308,-0.016198861,0.001275,0.009812287,0.013986674,0.012737336,0.001134788,NaN,0.034077771,0.061371061,0.056099542,11.723,27.46
20172,"2,423.41",47.219,104.02,0.272545228,0.0098,0.0368,0.0437,0.0258,-0.026118244,-0.009784006,0.00185,0.004733369,0.029498571,0.051836216,0.001341206,NaN,0.034120342,0.031241793,0.025929215,12.115,27.01
20173,"2,519.36",48.173,107.08,0.259706167,0.0103,0.0363,0.043,0.0259,-0.031564871,-0.01108518,0.00245,0.007609561,0.00508647,0.01761265,0.001269467,NaN,0.033914535,0.043491073,0.037926737,12.311,28.45
20174,"2,673.61",48.932,109.88,0.235393343,0.0132,0.0351,0.0422,0.0254,-0.031850299,-0.019878875,0.002575,-0.001195208,0.012518732,0.035461349,0.000817603,NaN,0.034300671,0.068082043,0.062898426,12.783,26.96
20181,"2,640.87",50.003,115.44,0.259461538,0.017,0.0387,0.0464,0.0285,-0.031845388,-0.018221349,0.0033,0.012290893,-0.028672135,-0.043119419,0.009382665,NaN,0.034816812,-0.007710267,-0.012447525,12.794,33.02
20182,"2,718.37",50.99,122.48,0.25766241,0.019,0.0396,0.0483,0.0291,-0.028304929,-0.022101276,0.00425,0.009757407,-0.000891393,-0.018602128,0.003908246,NaN,0.035050066,0.034688919,0.029668949,13.103,34.05
20183,"2,913.98",52.339,130.39,0.236365437,0.0213,0.0398,0.0488,0.0334,-0.03085331,-0.020834449,0.00475,0.001785792,-0.049997586,0.003767077,0.001355777,NaN,0.034942685,0.076809817,0.071731862,13.66,36.36
20184,"2,506.85",53.748,132.39,0.268088768,0.0237,0.0402,0.0513,0.0284,-0.025984426,-0.019227909,0.005325,-0.004777392,0.078568057,0.010629785,0.014208346,NaN,0.035010112,-0.13612117,-0.14069454,14.192,28.96
20191,"2,834.40",54.937,134.39,0.253088089,0.024,0.0377,0.0484,0.0257,-0.04431702,-0.023231494,0.005925,0.011817715,0.043474776,0.069569629,0.004650866,NaN,0.035062212,0.13748902,0.13179427,13.983,35.02
20192,"2,941.76",56.077,135.27,0.246701114,0.0217,0.0342,0.0446,0.0207,-0.038076705,-0.012538346,0.006,0.00763566,0.050545415,0.063021273,0.003270888,NaN,0.035278729,0.04268804,0.037488944,14.243,34.93
20193,"2,976.74",57.22,132.9,0.24379691,0.0189,0.0303,0.0391,0.017,-0.034259274,-0.010838109,0.005425,0.002404907,0.061511287,0.062246342,0.005516843,NaN,0.035173627,0.017041849,0.011925579,14.802,33.99
20194,"3,230.78",58.241,139.47,0.229943898,0.0154,0.0301,0.0388,0.0186,-0.039852986,-0.007199155,0.004725,0.000837361,-0.036089266,-0.006916968,0.002319044,NaN,0.034673972,0.09014262,0.084801268,15.213,35.53
20201,"2,584.59",59.581,116.33,0.306097138,0.0029,0.0302,0.0429,0.0087,-0.057624525,-0.007700294,0.00385,0.004440138,0.19607342,0.043397703,0.079048805,NaN,0.033625249,-0.193793801,-0.198272654,15.323,11.88
20202,"3,100.29",59.683,99.23,0.259900484,0.0016,0.0244,0.0364,0.0073,-0.278639963,-0.016845022,0.000725,-0.001232009,0.000716827,0.058624996,0.025588122,NaN,0.030456771,0.206944603,0.201326918,14.346,17.83
20203,"3,363.00",58.851,98.22,0.241481983,0.0011,0.0231,0.0336,0.0068,-0.15910088,-0.005698078,0.0004,0.009631609,0.000740757,0.013361015,0.00725878,NaN,0.031620379,0.089851278,0.085425054,13.97,32.98
20204,"3,756.07",58.279,94.13,0.219194759,0.0009,0.0226,0.0316,0.0093,-0.137357788,-9.79E-05,0.000275,0.000745351,-0.026052045,0.0309329,0.006831315,NaN,0.032352876,0.125007972,0.120390486,14.641,31.44
20211,"3,972.89",57.633,128.2,0.198083777,0.0003,0.0304,0.0374,0.0161,-0.245049826,0.015718343,0.000225,0.016903799,-0.116140933,-0.102594391,0.006052048,NaN,0.033108812,0.059787513,0.055794694,14.677,45.95
20212,"4,297.50",57.865,158.76,0.189351731,0.0004,0.0279,0.0344,0.0152,-0.133862084,0.017254589,0.000075,0.025744025,0.052981208,0.072184456,0.003163144,NaN,0.033575177,0.085562193,0.081851257,14.577,48.39
20213,"4,307.54",59.254,175.37,0.193036445,0.0004,0.0253,0.0323,0.0137,-0.11316698,0.015597884,0.0001,0.009621047,0.001220919,-0.000481824,0.003119526,NaN,0.033426401,0.007008662,0.003534501,15.359,49.59
20214,"4,766.18",60.397,197.84,0.179785791,0.0006,0.0265,0.033,0.0146,-0.098219002,0.012970023,0.0001,0.016375633,0.014918822,0.012221162,0.004996203,NaN,0.03340179,0.108955732,0.105195949,15.783,53.91
